Image_id,Image_name,Level1,Level2
0,000.jpg,Troll/Oppose,Troll/Oppose Against Person
2,002.jpg,Troll/Oppose,Troll/Oppose Against Person
3,003.jpg,Troll/Oppose,Troll/Oppose Against Person
4,004.jpg,Troll/Oppose,Troll/Oppose Against Party
5,005.jpg,Troll/Oppose,Troll/Oppose Against Person
7,007.jpg,Troll/Oppose,Troll/Oppose Against Person
8,008.jpg,Troll/Oppose,Troll/Oppose Against Party
9,009.jpg,Troll/Oppose,Troll/Oppose Against Person
10,010.jpg,Troll/Oppose,Troll/Oppose Against Person
11,011.jpg,Troll/Oppose,Troll/Oppose Against Person
12,012.jpg,Troll/Oppose,Troll/Oppose Against Person
13,013.jpg,Troll/Oppose,Troll/Oppose Against Party
14,014.jpg,Troll/Oppose,Troll/Oppose Against Person
16,016.jpg,Troll/Oppose,Troll/Oppose Against Person
17,017.jpg,Troll/Oppose,Troll/Oppose Against Person
18,018.jpg,Troll/Oppose,Troll/Oppose Against Party
19,019.jpg,Troll/Oppose,Troll/Oppose Against Party
20,020.jpg,Troll/Oppose,Troll/Oppose Against Person
21,021.jpg,Troll/Oppose,Troll/Oppose Against Party
22,022.jpg,Troll/Oppose,Troll/Oppose Against Person
26,026.jpg,Troll/Oppose,Troll/Oppose Against Party
27,027.jpg,Troll/Oppose,Troll/Oppose Against Person
28,028.jpg,Support/Praise,Support for person
30,030.jpg,Troll/Oppose,Troll/Oppose Against Person
31,031.jpg,Troll/Oppose,Troll/Oppose Against Person
32,032.jpg,Troll/Oppose,Troll/Oppose Against Party
34,034.jpg,Troll/Oppose,Troll/Oppose Against Party
35,035.jpg,Troll/Oppose,Troll/Oppose Against Person
36,036.jpg,Troll/Oppose,Troll/Oppose Against Person
37,037.jpg,Troll/Oppose,Troll/Oppose Against Party
38,038.jpg,Troll/Oppose,Troll/Oppose Against Person
40,040.jpg,Troll/Oppose,Troll/Oppose Against Person
41,041.jpg,Troll/Oppose,Troll/Oppose Against Person
42,042.jpg,Troll/Oppose,Troll/Oppose Against Person
43,043.jpg,Troll/Oppose,Troll/Oppose Against Person
44,044.jpg,Troll/Oppose,Troll/Oppose Against Person
45,045.jpg,Troll/Oppose,Troll/Oppose Against Person
46,046.jpg,Troll/Oppose,Troll/Oppose Against Person
47,047.jpg,Troll/Oppose,Troll/Oppose Against Person
51,051.jpg,Troll/Oppose,Troll/Oppose Against Person
53,053.jpg,Troll/Oppose,Troll/Oppose Against Person
54,054.jpg,Troll/Oppose,Troll/Oppose Against Person
55,055.jpg,Troll/Oppose,Troll/Oppose Against Party
57,057.jpg,Troll/Oppose,Troll/Oppose Against Person
58,058.jpg,Troll/Oppose,Troll/Oppose Against Person
59,059.jpg,Troll/Oppose,Troll/Oppose Against Person
60,060.jpg,Troll/Oppose,Troll/Oppose Against Person
62,062.jpg,Troll/Oppose,Troll/Oppose Against Party
64,064.jpg,Troll/Oppose,Troll/Oppose Against Party
65,065.jpg,Troll/Oppose,Troll/Oppose Against Person
67,067.jpg,Troll/Oppose,Troll/Oppose Against Person
69,069.jpg,Troll/Oppose,Troll/Oppose Against Person
71,071.jpg,Troll/Oppose,Troll/Oppose Against Party
73,073.jpg,Troll/Oppose,Troll/Oppose Against Person
74,074.jpg,Troll/Oppose,Troll/Oppose Against Party
75,075.jpg,Troll/Oppose,Troll/Oppose Against Party
76,076.jpg,Troll/Oppose,Troll/Oppose Against Party
77,077.jpg,Troll/Oppose,Troll/Oppose Against Person
78,078.jpg,Troll/Oppose,Troll/Oppose Against Party
79,079.jpg,Troll/Oppose,Troll/Oppose Against Party
80,080.jpg,Troll/Oppose,Troll/Oppose Against Person
82,082.jpg,Troll/Oppose,Troll/Oppose Against Party
83,083.jpg,Troll/Oppose,Troll/Oppose Against Party
84,084.jpg,Troll/Oppose,Troll/Oppose Against Person
85,085.jpg,Troll/Oppose,Troll/Oppose Against Party
86,086.jpg,Troll/Oppose,Troll/Oppose Against Person
87,087.jpg,Troll/Oppose,Troll/Oppose Against Person
88,088.jpg,Troll/Oppose,Troll/Oppose Against Person
89,089.jpg,Troll/Oppose,Troll/Oppose Against Person
90,090.jpg,Troll/Oppose,Troll/Oppose Against Person
91,091.jpg,Troll/Oppose,Troll/Oppose Against Person
92,092.jpg,Support/Praise,Support for person
93,093.jpg,Troll/Oppose,Troll/Oppose Against Person
94,094.jpg,Troll/Oppose,Troll/Oppose Against Person
97,097.jpg,Troll/Oppose,Troll/Oppose Against Person
100,100.jpg,Troll/Oppose,Troll/Oppose Against Person
102,102.jpg,Troll/Oppose,Troll/Oppose Against Party
103,103.jpg,Troll/Oppose,Troll/Oppose Against Person
104,104.jpg,Troll/Oppose,Troll/Oppose Against Person
105,105.jpg,Troll/Oppose,Troll/Oppose Against Party
106,106.jpg,Troll/Oppose,Troll/Oppose Against Party
107,107.jpg,Troll/Oppose,Troll/Oppose Against Person
108,108.jpg,Troll/Oppose,Troll/Oppose Against Person
109,109.jpg,Troll/Oppose,Troll/Oppose Against Person
111,111.jpg,Support/Praise,Support for person
113,113.jpg,Troll/Oppose,Troll/Oppose Against Person
114,114.jpg,Troll/Oppose,Troll/Oppose Against Person
115,115.jpg,Troll/Oppose,Troll/Oppose Against Person
116,116.jpg,Troll/Oppose,Troll/Oppose Against Person
117,117.jpg,Troll/Oppose,Troll/Oppose Against Party
118,118.jpg,Troll/Oppose,Troll/Oppose Against Person
119,119.jpg,Troll/Oppose,Troll/Oppose Against Person
120,120.jpg,Troll/Oppose,Troll/Oppose Against Person
121,121.jpg,Troll/Oppose,Troll/Oppose Against Person
122,122.jpg,Troll/Oppose,Troll/Oppose Against Person
124,124.jpg,Troll/Oppose,Troll/Oppose Against Person
125,125.jpg,Troll/Oppose,Troll/Oppose Against Party
126,126.jpg,Troll/Oppose,Troll/Oppose Against Person
128,128.jpg,Troll/Oppose,Troll/Oppose Against Party
129,129.jpg,Troll/Oppose,Troll/Oppose Against Person
130,130.jpg,Troll/Oppose,Troll/Oppose Against Person
131,131.jpg,Troll/Oppose,Troll/Oppose Against Person
133,133.jpg,Troll/Oppose,Troll/Oppose Against Person
134,134.jpg,Troll/Oppose,Troll/Oppose Against Party
136,136.jpg,Troll/Oppose,Troll/Oppose Against Person
138,138.jpg,Troll/Oppose,Troll/Oppose Against Person
139,139.jpg,Troll/Oppose,Troll/Oppose Against Person
142,142.jpg,Troll/Oppose,Troll/Oppose Against Person
143,143.jpg,Support/Praise,Support for person
144,144.jpg,Troll/Oppose,Troll/Oppose Against Person
147,147.jpg,Troll/Oppose,Troll/Oppose Against Person
149,149.jpg,Troll/Oppose,Troll/Oppose Against Party
150,150.jpg,Troll/Oppose,Troll/Oppose Against Party
151,151.jpg,Troll/Oppose,Troll/Oppose Against Person
152,152.jpg,Troll/Oppose,Troll/Oppose Against Person
153,153.jpg,Troll/Oppose,Troll/Oppose Against Person
154,154.jpg,Troll/Oppose,Troll/Oppose Against Party
155,155.jpg,Troll/Oppose,Troll/Oppose Against Person
156,156.jpg,Troll/Oppose,Troll/Oppose Against Person
158,158.jpg,Troll/Oppose,Troll/Oppose Against Person
159,159.jpg,Troll/Oppose,Troll/Oppose Against Person
160,160.jpg,Troll/Oppose,Troll/Oppose Against Person
161,161.jpg,Troll/Oppose,Troll/Oppose Against Person
165,165.jpg,Troll/Oppose,Troll/Oppose Against Person
167,167.jpg,Troll/Oppose,Troll/Oppose Against Person
168,168.jpg,Troll/Oppose,Troll/Oppose Against Party
169,169.jpg,Troll/Oppose,Troll/Oppose Against Person
170,170.jpg,Troll/Oppose,Troll/Oppose Against Person
171,171.jpg,Troll/Oppose,Troll/Oppose Against Person
173,173.jpg,Troll/Oppose,Troll/Oppose Against Person
176,176.jpg,Troll/Oppose,Troll/Oppose Against Person
177,177.jpg,Troll/Oppose,Troll/Oppose Against Person
178,178.jpg,Troll/Oppose,Troll/Oppose Against Person
179,179.jpg,Troll/Oppose,Troll/Oppose Against Person
180,180.jpg,Troll/Oppose,Troll/Oppose Against Person
181,181.jpg,Troll/Oppose,Troll/Oppose Against Person
183,183.jpg,Troll/Oppose,Troll/Oppose Against Person
184,184.jpg,Troll/Oppose,Troll/Oppose Against Person
185,185.jpg,Troll/Oppose,Troll/Oppose Against Person
186,186.jpg,Troll/Oppose,Troll/Oppose Against Person
187,187.jpg,Support/Praise,Support for person
188,188.jpg,Support/Praise,Support for party
189,189.jpg,Troll/Oppose,Troll/Oppose Against Person
191,191.jpg,Troll/Oppose,Troll/Oppose Against Person
192,192.jpg,Troll/Oppose,Troll/Oppose Against Person
194,194.jpg,Troll/Oppose,Troll/Oppose Against Person
195,195.jpg,Troll/Oppose,Troll/Oppose Against Party
197,197.jpg,Troll/Oppose,Troll/Oppose Against Person
198,198.jpg,Troll/Oppose,Troll/Oppose Against Party
199,199.jpg,Troll/Oppose,Troll/Oppose Against Person
200,200.jpg,Troll/Oppose,Troll/Oppose Against Person
201,201.jpg,Troll/Oppose,Troll/Oppose Against Person
202,202.jpg,Support/Praise,Support for person
203,203.jpg,Troll/Oppose,Troll/Oppose Against Person
204,204.jpg,Troll/Oppose,Troll/Oppose Against Person
206,206.jpg,Troll/Oppose,Troll/Oppose Against Person
207,207.jpg,Troll/Oppose,Troll/Oppose Against Person
208,208.jpg,Troll/Oppose,Troll/Oppose Against Person
211,211.jpg,Troll/Oppose,Troll/Oppose Against Person
212,212.jpg,Troll/Oppose,Troll/Oppose Against Person
214,214.jpg,Troll/Oppose,Troll/Oppose Against Person
215,215.jpg,Troll/Oppose,Troll/Oppose Against Person
217,217.jpg,Troll/Oppose,Troll/Oppose Against Person
218,218.jpg,Troll/Oppose,Troll/Oppose Against Person
219,219.jpg,Troll/Oppose,Troll/Oppose Against Person
220,220.jpg,Troll/Oppose,Troll/Oppose Against Person
221,221.jpg,Troll/Oppose,Troll/Oppose Against Person
222,222.jpg,Troll/Oppose,Troll/Oppose Against Person
223,223.jpg,Troll/Oppose,Troll/Oppose Against Person
224,224.jpg,Troll/Oppose,Troll/Oppose Against Person
225,225.jpg,Troll/Oppose,Troll/Oppose Against Person
226,226.jpg,Troll/Oppose,Troll/Oppose Against Person
228,228.jpg,Troll/Oppose,Troll/Oppose Against Person
229,229.jpg,Support/Praise,Support for person
230,230.jpg,Troll/Oppose,Troll/Oppose Against Person
231,231.jpg,Troll/Oppose,Troll/Oppose Against Person
233,233.jpg,Troll/Oppose,Troll/Oppose Against Person
234,234.jpg,Troll/Oppose,Troll/Oppose Against Person
235,235.jpg,Troll/Oppose,Troll/Oppose Against Party
236,236.jpg,Troll/Oppose,Troll/Oppose Against Person
237,237.jpg,Troll/Oppose,Troll/Oppose Against Party
240,240.jpg,Troll/Oppose,Troll/Oppose Against Person
241,241.jpg,Troll/Oppose,Troll/Oppose Against Person
242,242.jpg,Troll/Oppose,Troll/Oppose Against Person
243,243.jpg,Troll/Oppose,Troll/Oppose Against Person
244,244.jpg,Troll/Oppose,Troll/Oppose Against Person
245,245.jpg,Troll/Oppose,Troll/Oppose Against Person
246,246.jpg,Support/Praise,Support for person
247,247.jpg,Troll/Oppose,Troll/Oppose Against Party
248,248.jpg,Troll/Oppose,Troll/Oppose Against Person
250,250.jpg,Support/Praise,Support for person
254,254.jpg,Troll/Oppose,Troll/Oppose Against Party
255,255.jpg,Troll/Oppose,Troll/Oppose Against Person
256,256.jpg,Support/Praise,Support for person
258,258.jpg,Troll/Oppose,Troll/Oppose Against Person
259,259.jpg,Troll/Oppose,Troll/Oppose Against Person
260,260.jpg,Troll/Oppose,Troll/Oppose Against Party
262,262.jpg,Troll/Oppose,Troll/Oppose Against Party
263,263.jpg,Troll/Oppose,Troll/Oppose Against Party
264,264.jpg,Troll/Oppose,Troll/Oppose Against Person
265,265.jpg,Troll/Oppose,Troll/Oppose Against Person
266,266.jpg,Troll/Oppose,Troll/Oppose Against Person
267,267.jpg,Troll/Oppose,Troll/Oppose Against Person
268,268.jpg,Troll/Oppose,Troll/Oppose Against Party
269,269.jpg,Troll/Oppose,Troll/Oppose Against Person
270,270.jpg,Troll/Oppose,Troll/Oppose Against Person
271,271.jpg,Troll/Oppose,Troll/Oppose Against Person
272,272.jpg,Troll/Oppose,Troll/Oppose Against Party
274,274.jpg,Troll/Oppose,Troll/Oppose Against Person
275,275.jpg,Troll/Oppose,Troll/Oppose Against Person
276,276.jpg,Troll/Oppose,Troll/Oppose Against Person
277,277.jpg,Support/Praise,Support for person
278,278.jpg,Troll/Oppose,Troll/Oppose Against Person
279,279.jpg,Troll/Oppose,Troll/Oppose Against Person
280,280.jpg,Troll/Oppose,Troll/Oppose Against Person
281,281.jpg,Troll/Oppose,Troll/Oppose Against Person
282,282.jpg,Troll/Oppose,Troll/Oppose Against Person
283,283.jpg,Troll/Oppose,Troll/Oppose Against Person
284,284.jpg,Support/Praise,Support for person
285,285.jpg,Troll/Oppose,Troll/Oppose Against Party
287,287.jpg,Troll/Oppose,Troll/Oppose Against Party
288,288.jpg,Troll/Oppose,Troll/Oppose Against Person
289,289.jpg,Troll/Oppose,Troll/Oppose Against Person
290,290.jpg,Troll/Oppose,Troll/Oppose Against Person
291,291.jpg,Troll/Oppose,Troll/Oppose Against Person
292,292.jpg,Support/Praise,Support for person
294,294.jpg,Troll/Oppose,Troll/Oppose Against Person
295,295.jpg,Troll/Oppose,Troll/Oppose Against Party
296,296.jpg,Troll/Oppose,Troll/Oppose Against Party
298,298.jpg,Troll/Oppose,Troll/Oppose Against Person
299,299.jpg,Troll/Oppose,Troll/Oppose Against Person
302,302.jpg,Troll/Oppose,Troll/Oppose Against Person
303,303.jpg,Troll/Oppose,Troll/Oppose Against Person
305,305.jpg,Troll/Oppose,Troll/Oppose Against Person
306,306.jpg,Troll/Oppose,Troll/Oppose Against Person
307,307.jpg,Troll/Oppose,Troll/Oppose Against Person
308,308.jpg,Support/Praise,Support for person
309,309.jpg,Troll/Oppose,Troll/Oppose Against Person
310,310.jpg,Troll/Oppose,Troll/Oppose Against Person
311,311.jpg,Troll/Oppose,Troll/Oppose Against Person
312,312.jpg,Troll/Oppose,Troll/Oppose Against Person
313,313.jpg,Support/Praise,Support for person
315,315.jpg,Troll/Oppose,Troll/Oppose Against Person
316,316.jpg,Troll/Oppose,Troll/Oppose Against Person
317,317.jpg,Troll/Oppose,Troll/Oppose Against Person
319,319.jpg,Support/Praise,Support for person
320,320.jpg,Support/Praise,Support for party
321,321.jpg,Support/Praise,Support for party
322,322.jpg,Troll/Oppose,Troll/Oppose Against Person
323,323.jpg,Troll/Oppose,Troll/Oppose Against Person
324,324.jpg,Support/Praise,Support for person
325,325.jpg,Troll/Oppose,Troll/Oppose Against Person
326,326.jpg,Troll/Oppose,Troll/Oppose Against Person
327,327.jpg,Troll/Oppose,Troll/Oppose Against Person
328,328.jpg,Troll/Oppose,Troll/Oppose Against Person
329,329.jpg,Troll/Oppose,Troll/Oppose Against Person
330,330.jpg,Troll/Oppose,Troll/Oppose Against Party
331,331.jpg,Troll/Oppose,Troll/Oppose Against Person
333,333.jpg,Troll/Oppose,Troll/Oppose Against Party
337,337.jpg,Troll/Oppose,Troll/Oppose Against Person
338,338.jpg,Troll/Oppose,Troll/Oppose Against Person
339,339.jpg,Troll/Oppose,Troll/Oppose Against Person
340,340.jpg,Troll/Oppose,Troll/Oppose Against Person
341,341.jpg,Troll/Oppose,Troll/Oppose Against Party
342,342.jpg,Troll/Oppose,Troll/Oppose Against Person
345,345.jpg,Troll/Oppose,Troll/Oppose Against Party
346,346.jpg,Troll/Oppose,Troll/Oppose Against Person
348,348.jpg,Troll/Oppose,Troll/Oppose Against Person
350,350.jpg,Troll/Oppose,Troll/Oppose Against Person
351,351.jpg,Troll/Oppose,Troll/Oppose Against Party
352,352.jpg,Troll/Oppose,Troll/Oppose Against Person
353,353.jpg,Troll/Oppose,Troll/Oppose Against Person
354,354.jpg,Troll/Oppose,Troll/Oppose Against Person
355,355.jpg,Troll/Oppose,Troll/Oppose Against Person
357,357.jpg,Troll/Oppose,Troll/Oppose Against Person
358,358.jpg,Troll/Oppose,Troll/Oppose Against Person
359,359.jpg,Troll/Oppose,Troll/Oppose Against Party
360,360.jpg,Troll/Oppose,Troll/Oppose Against Person
361,361.jpg,Troll/Oppose,Troll/Oppose Against Person
364,364.jpg,Troll/Oppose,Troll/Oppose Against Person
365,365.jpg,Troll/Oppose,Troll/Oppose Against Person
367,367.jpg,Troll/Oppose,Troll/Oppose Against Person
368,368.jpg,Troll/Oppose,Troll/Oppose Against Person
369,369.jpg,Troll/Oppose,Troll/Oppose Against Person
370,370.jpg,Troll/Oppose,Troll/Oppose Against Person
371,371.jpg,Troll/Oppose,Troll/Oppose Against Party
373,373.jpg,Troll/Oppose,Troll/Oppose Against Party
374,374.jpg,Troll/Oppose,Troll/Oppose Against Person
375,375.jpg,Troll/Oppose,Troll/Oppose Against Party
376,376.jpg,Troll/Oppose,Troll/Oppose Against Person
377,377.jpg,Troll/Oppose,Troll/Oppose Against Party
379,379.jpg,Troll/Oppose,Troll/Oppose Against Person
380,380.jpg,Troll/Oppose,Troll/Oppose Against Person
384,384.jpg,Troll/Oppose,Troll/Oppose Against Person
385,385.jpg,Troll/Oppose,Troll/Oppose Against Party
386,386.jpg,Troll/Oppose,Troll/Oppose Against Person
387,387.jpg,Troll/Oppose,Troll/Oppose Against Party
390,390.jpg,Troll/Oppose,Troll/Oppose Against Party
391,391.jpg,Troll/Oppose,Troll/Oppose Against Person
392,392.jpg,Troll/Oppose,Troll/Oppose Against Party
393,393.jpg,Troll/Oppose,Troll/Oppose Against Party
394,394.jpg,Troll/Oppose,Troll/Oppose Against Person
395,395.jpg,Troll/Oppose,Troll/Oppose Against Person
396,396.jpg,Troll/Oppose,Troll/Oppose Against Party
397,397.jpg,Troll/Oppose,Troll/Oppose Against Party
398,398.jpg,Troll/Oppose,Troll/Oppose Against Party
399,399.jpg,Troll/Oppose,Troll/Oppose Against Person
400,400.jpg,Troll/Oppose,Troll/Oppose Against Person
401,401.jpg,Support/Praise,Support for person
402,402.jpg,Troll/Oppose,Troll/Oppose Against Person
403,403.jpg,Troll/Oppose,Troll/Oppose Against Person
404,404.jpg,Troll/Oppose,Troll/Oppose Against Person
405,405.jpg,Support/Praise,Support for person
406,406.jpg,Troll/Oppose,Troll/Oppose Against Person
407,407.jpg,Troll/Oppose,Troll/Oppose Against Person
409,409.jpg,Troll/Oppose,Troll/Oppose Against Person
410,410.jpg,Troll/Oppose,Troll/Oppose Against Person
412,412.jpg,Troll/Oppose,Troll/Oppose Against Person
413,413.jpg,Troll/Oppose,Troll/Oppose Against Party
414,414.jpg,Troll/Oppose,Troll/Oppose Against Person
417,417.jpg,Troll/Oppose,Troll/Oppose Against Person
418,418.jpg,Troll/Oppose,Troll/Oppose Against Person
419,419.jpg,Troll/Oppose,Troll/Oppose Against Person
420,420.jpg,Troll/Oppose,Troll/Oppose Against Person
421,421.jpg,Support/Praise,Support for person
422,422.jpg,Troll/Oppose,Troll/Oppose Against Person
423,423.jpg,Troll/Oppose,Troll/Oppose Against Person
424,424.jpg,Troll/Oppose,Troll/Oppose Against Party
425,425.jpg,Troll/Oppose,Troll/Oppose Against Person
426,426.jpg,Troll/Oppose,Troll/Oppose Against Party
427,427.jpg,Troll/Oppose,Troll/Oppose Against Person
429,429.jpg,Troll/Oppose,Troll/Oppose Against Person
430,430.jpg,Troll/Oppose,Troll/Oppose Against Person
431,431.jpg,Troll/Oppose,Troll/Oppose Against Person
432,432.jpg,Troll/Oppose,Troll/Oppose Against Party
433,433.jpg,Troll/Oppose,Troll/Oppose Against Person
434,434.jpg,Troll/Oppose,Troll/Oppose Against Person
435,435.jpg,Troll/Oppose,Troll/Oppose Against Person
437,437.jpg,Troll/Oppose,Troll/Oppose Against Person
439,439.jpg,Troll/Oppose,Troll/Oppose Against Person
442,442.jpg,Troll/Oppose,Troll/Oppose Against Person
443,443.jpg,Troll/Oppose,Troll/Oppose Against Person
444,444.jpg,Troll/Oppose,Troll/Oppose Against Party
445,445.jpg,Troll/Oppose,Troll/Oppose Against Person
446,446.jpg,Troll/Oppose,Troll/Oppose Against Person
447,447.jpg,Troll/Oppose,Troll/Oppose Against Person
448,448.jpg,Troll/Oppose,Troll/Oppose Against Person
449,449.jpg,Support/Praise,Support for person
450,450.jpg,Troll/Oppose,Troll/Oppose Against Person
451,451.jpg,Troll/Oppose,Troll/Oppose Against Person
452,452.jpg,Troll/Oppose,Troll/Oppose Against Person
453,453.jpg,Troll/Oppose,Troll/Oppose Against Person
455,455.jpg,Troll/Oppose,Troll/Oppose Against Person
456,456.jpg,Troll/Oppose,Troll/Oppose Against Person
457,457.jpg,Troll/Oppose,Troll/Oppose Against Person
458,458.jpg,Troll/Oppose,Troll/Oppose Against Party
459,459.jpg,Troll/Oppose,Troll/Oppose Against Person
462,462.jpg,Troll/Oppose,Troll/Oppose Against Person
463,463.jpg,Troll/Oppose,Troll/Oppose Against Person
464,464.jpg,Troll/Oppose,Troll/Oppose Against Person
465,465.jpg,Troll/Oppose,Troll/Oppose Against Party
466,466.jpg,Troll/Oppose,Troll/Oppose Against Party
467,467.jpg,Troll/Oppose,Troll/Oppose Against Party
469,469.jpg,Troll/Oppose,Troll/Oppose Against Person
471,471.jpg,Troll/Oppose,Troll/Oppose Against Person
472,472.jpg,Troll/Oppose,Troll/Oppose Against Party
475,475.jpg,Troll/Oppose,Troll/Oppose Against Person
476,476.jpg,Troll/Oppose,Troll/Oppose Against Person
477,477.jpg,Troll/Oppose,Troll/Oppose Against Person
479,479.jpg,Troll/Oppose,Troll/Oppose Against Person
480,480.jpg,Troll/Oppose,Troll/Oppose Against Person
481,481.jpg,Troll/Oppose,Troll/Oppose Against Party
483,483.jpg,Troll/Oppose,Troll/Oppose Against Person
484,484.jpg,Troll/Oppose,Troll/Oppose Against Person
485,485.jpg,Troll/Oppose,Troll/Oppose Against Party
486,486.jpg,Troll/Oppose,Troll/Oppose Against Person
487,487.jpg,Troll/Oppose,Troll/Oppose Against Person
488,488.jpg,Troll/Oppose,Troll/Oppose Against Person
489,489.jpg,Troll/Oppose,Troll/Oppose Against Person
490,490.jpg,Troll/Oppose,Troll/Oppose Against Person
491,491.jpg,Troll/Oppose,Troll/Oppose Against Person
492,492.jpg,Troll/Oppose,Troll/Oppose Against Person
493,493.jpg,Troll/Oppose,Troll/Oppose Against Person
494,494.jpg,Troll/Oppose,Troll/Oppose Against Person
495,495.jpg,Troll/Oppose,Troll/Oppose Against Person
497,497.jpg,Troll/Oppose,Troll/Oppose Against Person
498,498.jpg,Troll/Oppose,Troll/Oppose Against Person
500,500.jpg,Troll/Oppose,Troll/Oppose Against Person
501,501.jpg,Troll/Oppose,Troll/Oppose Against Person
502,502.jpg,Troll/Oppose,Troll/Oppose Against Person
503,503.jpg,Troll/Oppose,Troll/Oppose Against Person
504,504.jpg,Troll/Oppose,Troll/Oppose Against Person
505,505.jpg,Troll/Oppose,Troll/Oppose Against Person
506,506.jpg,Troll/Oppose,Troll/Oppose Against Person
507,507.jpg,Troll/Oppose,Troll/Oppose Against Person
508,508.jpg,Troll/Oppose,Troll/Oppose Against Person
509,509.jpg,Troll/Oppose,Troll/Oppose Against Person
510,510.jpg,Troll/Oppose,Troll/Oppose Against Person
511,511.jpg,Troll/Oppose,Troll/Oppose Against Person
513,513.jpg,Troll/Oppose,Troll/Oppose Against Person
514,514.jpg,Troll/Oppose,Troll/Oppose Against Person
515,515.jpg,Troll/Oppose,Troll/Oppose Against Person
516,516.jpg,Troll/Oppose,Troll/Oppose Against Party
518,518.jpg,Troll/Oppose,Troll/Oppose Against Person
519,519.jpg,Troll/Oppose,Troll/Oppose Against Person
520,520.jpg,Troll/Oppose,Troll/Oppose Against Person
522,522.jpg,Support/Praise,Support for party
523,523.jpg,Troll/Oppose,Troll/Oppose Against Person
524,524.jpg,Troll/Oppose,Troll/Oppose Against Person
525,525.jpg,Troll/Oppose,Troll/Oppose Against Person
526,526.jpg,Troll/Oppose,Troll/Oppose Against Person
527,527.jpg,Troll/Oppose,Troll/Oppose Against Person
528,528.jpg,Troll/Oppose,Troll/Oppose Against Person
530,530.jpg,Troll/Oppose,Troll/Oppose Against Person
531,531.jpg,Troll/Oppose,Troll/Oppose Against Person
532,532.jpg,Troll/Oppose,Troll/Oppose Against Person
533,533.jpg,Troll/Oppose,Troll/Oppose Against Person
534,534.jpg,Troll/Oppose,Troll/Oppose Against Person
535,535.jpg,Troll/Oppose,Troll/Oppose Against Person
536,536.jpg,Troll/Oppose,Troll/Oppose Against Party
537,537.jpg,Troll/Oppose,Troll/Oppose Against Person
539,539.jpg,Troll/Oppose,Troll/Oppose Against Person
540,540.jpg,Troll/Oppose,Troll/Oppose Against Person
541,541.jpg,Troll/Oppose,Troll/Oppose Against Person
542,542.jpg,Troll/Oppose,Troll/Oppose Against Person
543,543.jpg,Troll/Oppose,Troll/Oppose Against Person
544,544.jpg,Troll/Oppose,Troll/Oppose Against Person
545,545.jpg,Troll/Oppose,Troll/Oppose Against Person
546,546.jpg,Troll/Oppose,Troll/Oppose Against Person
547,547.jpg,Troll/Oppose,Troll/Oppose Against Person
549,549.jpg,Troll/Oppose,Troll/Oppose Against Person
550,550.jpg,Troll/Oppose,Troll/Oppose Against Party
551,551.jpg,Troll/Oppose,Troll/Oppose Against Person
552,552.jpg,Troll/Oppose,Troll/Oppose Against Person
553,553.jpg,Troll/Oppose,Troll/Oppose Against Person
554,554.jpg,Troll/Oppose,Troll/Oppose Against Person
555,555.jpg,Troll/Oppose,Troll/Oppose Against Person
556,556.jpg,Troll/Oppose,Troll/Oppose Against Person
557,557.jpg,Troll/Oppose,Troll/Oppose Against Person
558,558.jpg,Troll/Oppose,Troll/Oppose Against Person
559,559.jpg,Troll/Oppose,Troll/Oppose Against Person
560,560.jpg,Troll/Oppose,Troll/Oppose Against Person
561,561.jpg,Troll/Oppose,Troll/Oppose Against Person
562,562.jpg,Troll/Oppose,Troll/Oppose Against Person
563,563.jpg,Troll/Oppose,Troll/Oppose Against Person
564,564.jpg,Support/Praise,Support for party
565,565.jpg,Troll/Oppose,Troll/Oppose Against Party
566,566.jpg,Troll/Oppose,Troll/Oppose Against Party
568,568.jpg,Troll/Oppose,Troll/Oppose Against Party
570,570.jpg,Troll/Oppose,Troll/Oppose Against Person
571,571.jpg,Troll/Oppose,Troll/Oppose Against Party
572,572.jpg,Troll/Oppose,Troll/Oppose Against Party
573,573.jpg,Troll/Oppose,Troll/Oppose Against Person
575,575.jpg,Troll/Oppose,Troll/Oppose Against Person
576,576.jpg,Troll/Oppose,Troll/Oppose Against Party
577,577.jpg,Troll/Oppose,Troll/Oppose Against Person
578,578.jpg,Troll/Oppose,Troll/Oppose Against Person
579,579.jpg,Troll/Oppose,Troll/Oppose Against Person
580,580.jpg,Troll/Oppose,Troll/Oppose Against Party
581,581.jpg,Troll/Oppose,Troll/Oppose Against Party
582,582.jpg,Troll/Oppose,Troll/Oppose Against Party
583,583.jpg,Troll/Oppose,Troll/Oppose Against Person
584,584.jpg,Troll/Oppose,Troll/Oppose Against Party
585,585.jpg,Troll/Oppose,Troll/Oppose Against Person
587,587.jpg,Troll/Oppose,Troll/Oppose Against Person
588,588.jpg,Troll/Oppose,Troll/Oppose Against Party
590,590.jpg,Troll/Oppose,Troll/Oppose Against Party
591,591.jpg,Troll/Oppose,Troll/Oppose Against Person
592,592.jpg,Troll/Oppose,Troll/Oppose Against Party
593,593.jpg,Troll/Oppose,Troll/Oppose Against Party
594,594.jpg,Troll/Oppose,Troll/Oppose Against Person
595,595.jpg,Troll/Oppose,Troll/Oppose Against Party
597,597.jpg,Troll/Oppose,Troll/Oppose Against Person
598,598.jpg,Support/Praise,Support for party
599,599.jpg,Troll/Oppose,Troll/Oppose Against Person
600,600.jpg,Troll/Oppose,Troll/Oppose Against Person
601,601.jpg,Troll/Oppose,Troll/Oppose Against Person
602,602.jpg,Troll/Oppose,Troll/Oppose Against Person
604,604.jpg,Troll/Oppose,Troll/Oppose Against Person
605,605.jpg,Troll/Oppose,Troll/Oppose Against Person
606,606.jpg,Troll/Oppose,Troll/Oppose Against Person
607,607.jpg,Troll/Oppose,Troll/Oppose Against Person
608,608.jpg,Troll/Oppose,Troll/Oppose Against Person
609,609.jpg,Troll/Oppose,Troll/Oppose Against Person
610,610.jpg,Troll/Oppose,Troll/Oppose Against Party
611,611.jpg,Troll/Oppose,Troll/Oppose Against Person
612,612.jpg,Troll/Oppose,Troll/Oppose Against Person
613,613.jpg,Troll/Oppose,Troll/Oppose Against Person
614,614.jpg,Troll/Oppose,Troll/Oppose Against Party
615,615.jpg,Troll/Oppose,Troll/Oppose Against Person
616,616.jpg,Troll/Oppose,Troll/Oppose Against Party
617,617.jpg,Troll/Oppose,Troll/Oppose Against Person
618,618.jpg,Troll/Oppose,Troll/Oppose Against Person
619,619.jpg,Troll/Oppose,Troll/Oppose Against Person
621,621.jpg,Troll/Oppose,Troll/Oppose Against Party
622,622.jpg,Troll/Oppose,Troll/Oppose Against Person
623,623.jpg,Troll/Oppose,Troll/Oppose Against Party
624,624.jpg,Troll/Oppose,Troll/Oppose Against Person
625,625.jpg,Troll/Oppose,Troll/Oppose Against Person
626,626.jpg,Troll/Oppose,Troll/Oppose Against Person
628,628.jpg,Troll/Oppose,Troll/Oppose Against Person
629,629.jpg,Troll/Oppose,Troll/Oppose Against Person
631,631.jpg,Troll/Oppose,Troll/Oppose Against Party
632,632.jpg,Troll/Oppose,Troll/Oppose Against Person
633,633.jpg,Troll/Oppose,Troll/Oppose Against Person
635,635.jpg,Troll/Oppose,Troll/Oppose Against Person
636,636.jpg,Troll/Oppose,Troll/Oppose Against Person
637,637.jpg,Troll/Oppose,Troll/Oppose Against Person
639,639.jpg,Troll/Oppose,Troll/Oppose Against Person
640,640.jpg,Troll/Oppose,Troll/Oppose Against Person
641,641.jpg,Support/Praise,Support for person
642,642.jpg,Troll/Oppose,Troll/Oppose Against Person
643,643.jpg,Troll/Oppose,Troll/Oppose Against Party
644,644.jpg,Troll/Oppose,Troll/Oppose Against Person
645,645.jpg,Troll/Oppose,Troll/Oppose Against Person
646,646.jpg,Troll/Oppose,Troll/Oppose Against Person
647,647.jpg,Troll/Oppose,Troll/Oppose Against Party
649,649.jpg,Troll/Oppose,Troll/Oppose Against Person
651,651.jpg,Troll/Oppose,Troll/Oppose Against Person
652,652.jpg,Troll/Oppose,Troll/Oppose Against Party
653,653.jpg,Support/Praise,Support for person
654,654.jpg,Troll/Oppose,Troll/Oppose Against Person
655,655.jpg,Troll/Oppose,Troll/Oppose Against Person
656,656.jpg,Troll/Oppose,Troll/Oppose Against Person
657,657.jpg,Troll/Oppose,Troll/Oppose Against Person
658,658.jpg,Troll/Oppose,Troll/Oppose Against Person
660,660.jpg,Troll/Oppose,Troll/Oppose Against Person
661,661.jpg,Troll/Oppose,Troll/Oppose Against Person
662,662.jpg,Troll/Oppose,Troll/Oppose Against Person
663,663.jpg,Troll/Oppose,Troll/Oppose Against Person
664,664.jpg,Troll/Oppose,Troll/Oppose Against Person
665,665.jpg,Troll/Oppose,Troll/Oppose Against Person
666,666.jpg,Troll/Oppose,Troll/Oppose Against Person
667,667.jpg,Troll/Oppose,Troll/Oppose Against Person
669,669.jpg,Troll/Oppose,Troll/Oppose Against Person
670,670.jpg,Troll/Oppose,Troll/Oppose Against Person
671,671.jpg,Troll/Oppose,Troll/Oppose Against Person
672,672.jpg,Troll/Oppose,Troll/Oppose Against Person
673,673.jpg,Troll/Oppose,Troll/Oppose Against Person
677,677.jpg,Troll/Oppose,Troll/Oppose Against Person
678,678.jpg,Troll/Oppose,Troll/Oppose Against Person
680,680.jpg,Troll/Oppose,Troll/Oppose Against Person
682,682.jpg,Troll/Oppose,Troll/Oppose Against Person
683,683.jpg,Troll/Oppose,Troll/Oppose Against Person
684,684.jpg,Troll/Oppose,Troll/Oppose Against Person
686,686.jpg,Troll/Oppose,Troll/Oppose Against Person
687,687.jpg,Troll/Oppose,Troll/Oppose Against Person
690,690.jpg,Troll/Oppose,Troll/Oppose Against Person
691,691.jpg,Troll/Oppose,Troll/Oppose Against Person
692,692.jpg,Troll/Oppose,Troll/Oppose Against Person
693,693.jpg,Troll/Oppose,Troll/Oppose Against Person
694,694.jpg,Troll/Oppose,Troll/Oppose Against Person
695,695.jpg,Troll/Oppose,Troll/Oppose Against Person
696,696.jpg,Troll/Oppose,Troll/Oppose Against Party
697,697.jpg,Troll/Oppose,Troll/Oppose Against Person
698,698.jpg,Troll/Oppose,Troll/Oppose Against Person
699,699.jpg,Troll/Oppose,Troll/Oppose Against Person
701,701.jpg,Troll/Oppose,Troll/Oppose Against Party
702,702.jpg,Troll/Oppose,Troll/Oppose Against Person
703,703.jpg,Troll/Oppose,Troll/Oppose Against Person
704,704.jpg,Troll/Oppose,Troll/Oppose Against Person
706,706.jpg,Troll/Oppose,Troll/Oppose Against Person
707,707.jpg,Troll/Oppose,Troll/Oppose Against Person
708,708.jpg,Troll/Oppose,Troll/Oppose Against Person
709,709.jpg,Troll/Oppose,Troll/Oppose Against Party
710,710.jpg,Troll/Oppose,Troll/Oppose Against Person
711,711.jpg,Troll/Oppose,Troll/Oppose Against Person
712,712.jpg,Troll/Oppose,Troll/Oppose Against Person
713,713.jpg,Troll/Oppose,Troll/Oppose Against Person
714,714.jpg,Troll/Oppose,Troll/Oppose Against Person
716,716.jpg,Troll/Oppose,Troll/Oppose Against Person
717,717.jpg,Troll/Oppose,Troll/Oppose Against Person
718,718.jpg,Troll/Oppose,Troll/Oppose Against Person
720,720.jpg,Troll/Oppose,Troll/Oppose Against Person
721,721.jpg,Troll/Oppose,Troll/Oppose Against Person
722,722.jpg,Troll/Oppose,Troll/Oppose Against Person
723,723.jpg,Troll/Oppose,Troll/Oppose Against Person
724,724.jpg,Support/Praise,Support for person
725,725.jpg,Troll/Oppose,Troll/Oppose Against Person
727,727.jpg,Troll/Oppose,Troll/Oppose Against Person
728,728.jpg,Troll/Oppose,Troll/Oppose Against Person
729,729.jpg,Troll/Oppose,Troll/Oppose Against Person
731,731.jpg,Troll/Oppose,Troll/Oppose Against Person
732,732.jpg,Troll/Oppose,Troll/Oppose Against Person
734,734.jpg,Troll/Oppose,Troll/Oppose Against Person
735,735.jpg,Troll/Oppose,Troll/Oppose Against Person
736,736.jpg,Troll/Oppose,Troll/Oppose Against Person
738,738.jpg,Troll/Oppose,Troll/Oppose Against Party
739,739.jpg,Troll/Oppose,Troll/Oppose Against Person
740,740.jpg,Troll/Oppose,Troll/Oppose Against Party
741,741.jpg,Troll/Oppose,Troll/Oppose Against Person
742,742.jpg,Troll/Oppose,Troll/Oppose Against Party
743,743.jpg,Troll/Oppose,Troll/Oppose Against Party
744,744.jpg,Troll/Oppose,Troll/Oppose Against Person
747,747.jpg,Troll/Oppose,Troll/Oppose Against Person
749,749.jpg,Troll/Oppose,Troll/Oppose Against Person
751,751.jpg,Troll/Oppose,Troll/Oppose Against Party
752,752.jpg,Troll/Oppose,Troll/Oppose Against Person
754,754.jpg,Troll/Oppose,Troll/Oppose Against Person
755,755.jpg,Troll/Oppose,Troll/Oppose Against Person
756,756.jpg,Troll/Oppose,Troll/Oppose Against Person
757,757.jpg,Troll/Oppose,Troll/Oppose Against Person
758,758.jpg,Troll/Oppose,Troll/Oppose Against Person
759,759.jpg,Troll/Oppose,Troll/Oppose Against Person
760,760.jpg,Troll/Oppose,Troll/Oppose Against Person
761,761.jpg,Troll/Oppose,Troll/Oppose Against Person
762,762.jpg,Troll/Oppose,Troll/Oppose Against Person
763,763.jpg,Troll/Oppose,Troll/Oppose Against Person
764,764.jpg,Troll/Oppose,Troll/Oppose Against Party
765,765.jpg,Troll/Oppose,Troll/Oppose Against Party
766,766.jpg,Troll/Oppose,Troll/Oppose Against Person
767,767.jpg,Troll/Oppose,Troll/Oppose Against Party
768,768.jpg,Troll/Oppose,Troll/Oppose Against Person
769,769.jpg,Troll/Oppose,Troll/Oppose Against Person
770,770.jpg,Troll/Oppose,Troll/Oppose Against Person
771,771.jpg,Troll/Oppose,Troll/Oppose Against Party
772,772.jpg,Troll/Oppose,Troll/Oppose Against Person
773,773.jpg,Troll/Oppose,Troll/Oppose Against Person
774,774.jpg,Troll/Oppose,Troll/Oppose Against Party
776,776.jpg,Troll/Oppose,Troll/Oppose Against Party
777,777.jpg,Troll/Oppose,Troll/Oppose Against Person
779,779.jpg,Troll/Oppose,Troll/Oppose Against Person
780,780.jpg,Troll/Oppose,Troll/Oppose Against Person
781,781.jpg,Troll/Oppose,Troll/Oppose Against Person
782,782.jpg,Troll/Oppose,Troll/Oppose Against Person
785,785.jpg,Troll/Oppose,Troll/Oppose Against Person
787,787.jpg,Troll/Oppose,Troll/Oppose Against Person
788,788.jpg,Troll/Oppose,Troll/Oppose Against Party
789,789.jpg,Troll/Oppose,Troll/Oppose Against Person
790,790.jpg,Troll/Oppose,Troll/Oppose Against Party
791,791.jpg,Troll/Oppose,Troll/Oppose Against Party
792,792.jpg,Troll/Oppose,Troll/Oppose Against Party
794,794.jpg,Troll/Oppose,Troll/Oppose Against Person
795,795.jpg,Troll/Oppose,Troll/Oppose Against Person
796,796.jpg,Troll/Oppose,Troll/Oppose Against Party
797,797.jpg,Troll/Oppose,Troll/Oppose Against Person
798,798.jpg,Troll/Oppose,Troll/Oppose Against Party
799,799.jpg,Troll/Oppose,Troll/Oppose Against Person
801,801.jpg,Troll/Oppose,Troll/Oppose Against Person
805,805.jpg,Troll/Oppose,Troll/Oppose Against Person
806,806.jpg,Troll/Oppose,Troll/Oppose Against Person
807,807.jpg,Troll/Oppose,Troll/Oppose Against Person
808,808.jpg,Troll/Oppose,Troll/Oppose Against Person
809,809.jpg,Troll/Oppose,Troll/Oppose Against Party
810,810.jpg,Troll/Oppose,Troll/Oppose Against Party
811,811.jpg,Troll/Oppose,Troll/Oppose Against Person
812,812.jpg,Troll/Oppose,Troll/Oppose Against Person
813,813.jpg,Troll/Oppose,Troll/Oppose Against Person
814,814.jpg,Troll/Oppose,Troll/Oppose Against Person
815,815.jpg,Troll/Oppose,Troll/Oppose Against Party
816,816.jpg,Troll/Oppose,Troll/Oppose Against Party
817,817.jpg,Troll/Oppose,Troll/Oppose Against Person
818,818.jpg,Troll/Oppose,Troll/Oppose Against Person
819,819.jpg,Troll/Oppose,Troll/Oppose Against Person
820,820.jpg,Troll/Oppose,Troll/Oppose Against Person
821,821.jpg,Support/Praise,Troll/Oppose Against Person
822,822.jpg,Troll/Oppose,Troll/Oppose Against Person
823,823.jpg,Support/Praise,Troll/Oppose Against Person
824,824.jpg,Support/Praise,Support for party
825,825.jpg,Support/Praise,Support for person
826,826.jpg,Support/Praise,Support for person
827,827.jpg,Support/Praise,Support for person
828,828.jpg,Support/Praise,Support for person
829,829.jpg,Troll/Oppose,Troll/Oppose Against Person
830,830.jpg,Support/Praise,Support for party
831,831.jpg,Support/Praise,Support for person
832,832.jpg,Troll/Oppose,Troll/Oppose Against Party
834,834.jpg,Troll/Oppose,Troll/Oppose Against Person
835,835.jpg,Troll/Oppose,Troll/Oppose Against Person
836,836.jpg,Support/Praise,Support for person
837,837.jpg,Support/Praise,Support for person
838,838.jpg,Support/Praise,Support for party
839,839.jpg,Support/Praise,Support for person
840,840.jpg,Support/Praise,Support for person
841,841.jpg,Troll/Oppose,Troll/Oppose Against Person
842,842.jpg,Support/Praise,Support for person
843,843.jpg,Support/Praise,Support for person
844,844.jpg,Support/Praise,Support for person
845,845.jpg,Support/Praise,Troll/Oppose Against Person
846,846.jpg,Support/Praise,Support for person
848,848.jpg,Support/Praise,Support for person
849,849.jpg,Support/Praise,Support for person
850,850.jpg,Support/Praise,Support for person
851,851.jpg,Support/Praise,Support for person
853,853.jpg,Support/Praise,Support for party
854,854.jpg,Support/Praise,Support for person
856,856.jpg,Support/Praise,Support for person
859,859.jpg,Troll/Oppose,Troll/Oppose Against Party
860,860.jpg,Support/Praise,Support for person
861,861.jpg,Support/Praise,Support for person
862,862.jpg,Support/Praise,Support for person
863,863.jpg,Support/Praise,Support for party
864,864.jpg,Troll/Oppose,Troll/Oppose Against Person
865,865.jpg,Troll/Oppose,Troll/Oppose Against Person
866,866.jpg,Troll/Oppose,Troll/Oppose Against Party
868,868.jpg,Support/Praise,Support for person
869,869.jpg,Support/Praise,Support for party
870,870.jpg,Support/Praise,Support for party
871,871.jpg,Support/Praise,Support for person
872,872.jpg,Support/Praise,Support for person
876,876.jpg,Support/Praise,Support for party
877,877.jpg,Support/Praise,Support for party
878,878.jpg,Support/Praise,Support for person
880,880.jpg,Support/Praise,Support for party
881,881.jpg,Support/Praise,Support for person
883,883.jpg,Support/Praise,Support for person
884,884.jpg,Support/Praise,Support for person
885,885.jpg,Support/Praise,Support for party
886,886.jpg,Support/Praise,Support for person
887,887.jpg,Support/Praise,Support for person
889,889.jpg,Support/Praise,Support for person
890,890.jpg,Support/Praise,Support for person
891,891.jpg,Support/Praise,Support for person
892,892.jpg,Support/Praise,Support for person
894,894.jpg,Support/Praise,Support for party
895,895.jpg,Support/Praise,Support for person
896,896.jpg,Support/Praise,Support for person
897,897.jpg,Support/Praise,Support for party
898,898.jpg,Support/Praise,Support for person
899,899.jpg,Support/Praise,Support for person
900,900.jpg,Support/Praise,Support for person
901,901.jpg,Support/Praise,Support for person
903,903.jpg,Support/Praise,Support for person
904,904.jpg,Support/Praise,Support for person
905,905.jpg,Support/Praise,Support for person
906,906.jpg,Support/Praise,Support for person
907,907.jpg,Support/Praise,Support for person
908,908.jpg,Troll/Oppose,Troll/Oppose Against Person
909,909.jpg,Support/Praise,Support for party
910,910.jpg,Support/Praise,Support for person
911,911.jpg,Troll/Oppose,Troll/Oppose Against Person
913,913.jpg,Troll/Oppose,Troll/Oppose Against Party
914,914.jpg,Troll/Oppose,Troll/Oppose Against Person
915,915.jpg,Troll/Oppose,Troll/Oppose Against Person
916,916.jpg,Troll/Oppose,Troll/Oppose Against Person
918,918.jpg,Support/Praise,Support for person
920,920.jpg,Troll/Oppose,Troll/Oppose Against Party
921,921.jpg,Troll/Oppose,Troll/Oppose Against Person
922,922.jpg,Troll/Oppose,Troll/Oppose Against Person
923,923.jpg,Troll/Oppose,Troll/Oppose Against Person
924,924.jpg,Troll/Oppose,Troll/Oppose Against Person
925,925.jpg,Troll/Oppose,Troll/Oppose Against Party
926,926.jpg,Support/Praise,Support for person
929,929.jpg,Troll/Oppose,Troll/Oppose Against Person
930,930.jpg,Troll/Oppose,Troll/Oppose Against Person
931,931.jpg,Troll/Oppose,Troll/Oppose Against Person
933,933.jpg,Troll/Oppose,Troll/Oppose Against Person
934,934.jpg,Troll/Oppose,Troll/Oppose Against Person
935,935.jpg,Troll/Oppose,Troll/Oppose Against Person
936,936.jpg,Troll/Oppose,Troll/Oppose Against Person
937,937.jpg,Troll/Oppose,Troll/Oppose Against Party
938,938.jpg,Troll/Oppose,Troll/Oppose Against Person
939,939.jpg,Support/Praise,Support for party
940,940.jpg,Troll/Oppose,Troll/Oppose Against Person
941,941.jpg,Troll/Oppose,Troll/Oppose Against Person
942,942.jpg,Troll/Oppose,Troll/Oppose Against Person
943,943.jpg,Troll/Oppose,Troll/Oppose Against Person
944,944.jpg,Troll/Oppose,Troll/Oppose Against Person
946,946.jpg,Troll/Oppose,Troll/Oppose Against Person
947,947.jpg,Troll/Oppose,Troll/Oppose Against Person
948,948.jpg,Troll/Oppose,Troll/Oppose Against Party
949,949.jpg,Troll/Oppose,Troll/Oppose Against Party
951,951.jpg,Troll/Oppose,Troll/Oppose Against Person
953,953.jpg,Troll/Oppose,Troll/Oppose Against Party
954,954.jpg,Troll/Oppose,Troll/Oppose Against Person
955,955.jpg,Support/Praise,Support for person
956,956.jpg,Troll/Oppose,Troll/Oppose Against Party
957,957.jpg,Troll/Oppose,Troll/Oppose Against Person
959,959.jpg,Troll/Oppose,Troll/Oppose Against Person
960,960.jpg,Troll/Oppose,Troll/Oppose Against Party
962,962.jpg,Troll/Oppose,Troll/Oppose Against Party
965,965.jpg,Support/Praise,Support for person
967,967.jpg,Support/Praise,Support for party
968,968.jpg,Support/Praise,Support for person
969,969.jpg,Troll/Oppose,Troll/Oppose Against Person
970,970.jpg,Support/Praise,Support for party
971,971.jpg,Support/Praise,Support for person
973,973.jpg,Troll/Oppose,Troll/Oppose Against Person
975,975.jpg,Troll/Oppose,Troll/Oppose Against Party
976,976.jpg,Troll/Oppose,Support for person
977,977.jpg,Support/Praise,Support for person
978,978.jpg,Troll/Oppose,Troll/Oppose Against Party
980,980.jpg,Support/Praise,Support for person
981,981.jpg,Support/Praise,Support for person
982,982.jpg,Troll/Oppose,Troll/Oppose Against Person
983,983.jpg,Support/Praise,Support for person
984,984.jpg,Support/Praise,Support for person
985,985.jpg,Support/Praise,Support for person
986,986.jpg,Support/Praise,Support for party
987,987.jpg,Support/Praise,Support for person
988,988.jpg,Troll/Oppose,Troll/Oppose Against Person
989,989.jpg,Support/Praise,Support for person
991,991.jpg,Troll/Oppose,Troll/Oppose Against Party
992,992.jpg,Troll/Oppose,Troll/Oppose Against Person
994,994.jpg,Troll/Oppose,Troll/Oppose Against Person
995,995.jpg,Troll/Oppose,Troll/Oppose Against Party
997,997.jpg,Troll/Oppose,Troll/Oppose Against Person
998,998.jpg,Troll/Oppose,Troll/Oppose Against Person
999,999.jpg,Troll/Oppose,Troll/Oppose Against Person
1000,1000.jpg,Troll/Oppose,Troll/Oppose Against Person
1001,1001.jpg,Troll/Oppose,Troll/Oppose Against Person
1002,1002.jpg,Troll/Oppose,Troll/Oppose Against Person
1003,1003.jpg,Troll/Oppose,Troll/Oppose Against Person